{
  "Classical_CNN": 0.9747023809523809,
  "Hybrid_QViT": 0.9375,
  "history_cnn": {
    "train_acc": [
      0.21997549019607843,
      0.5354516806722689,
      0.7805497198879552,
      0.8995098039215687,
      0.9431022408963585,
      0.9671743697478992,
      0.9776785714285714,
      0.9847689075630253,
      0.989670868347339,
      0.9944852941176471,
      0.9973739495798319,
      0.9987745098039216,
      0.999124649859944,
      0.9993872549019608,
      0.999562324929972,
      1.0,
      0.9999124649859944,
      0.9999124649859944,
      1.0,
      0.9999124649859944,
      1.0,
      1.0,
      1.0,
      1.0,
      1.0,
      1.0,
      1.0,
      1.0,
      1.0,
      1.0
    ],
    "val_acc": [
      0.46924603174603174,
      0.7142857142857143,
      0.8591269841269841,
      0.8759920634920635,
      0.9027777777777778,
      0.9107142857142857,
      0.9290674603174603,
      0.9107142857142857,
      0.9424603174603174,
      0.9489087301587301,
      0.9370039682539683,
      0.9657738095238095,
      0.9672619047619048,
      0.9618055555555556,
      0.9598214285714286,
      0.9717261904761905,
      0.9642857142857143,
      0.9682539682539683,
      0.972718253968254,
      0.9672619047619048,
      0.9722222222222222,
      0.9697420634920635,
      0.9717261904761905,
      0.970734126984127,
      0.9742063492063492,
      0.9742063492063492,
      0.9737103174603174,
      0.9742063492063492,
      0.972718253968254,
      0.972718253968254
    ]
  },
  "history_qvit": {
    "train_acc": [
      0.09269957983193278,
      0.23511904761904762,
      0.43942577030812324,
      0.6629026610644257,
      0.8080357142857143,
      0.8882177871148459,
      0.9290966386554622,
      0.9500175070028011,
      0.9655987394957983,
      0.9778536414565826,
      0.9879201680672269,
      0.9901960784313726,
      0.9944852941176471,
      0.9971113445378151,
      0.9985119047619048,
      0.9989495798319328,
      0.9997373949579832,
      0.9993872549019608,
      1.0,
      1.0,
      1.0,
      1.0,
      1.0,
      1.0,
      1.0,
      1.0,
      1.0,
      1.0,
      1.0,
      1.0
    ],
    "val_acc": [
      0.18948412698412698,
      0.34871031746031744,
      0.5456349206349206,
      0.714781746031746,
      0.7936507936507936,
      0.8040674603174603,
      0.8472222222222222,
      0.8134920634920635,
      0.8521825396825397,
      0.8745039682539683,
      0.8392857142857143,
      0.875,
      0.9117063492063492,
      0.9181547619047619,
      0.9211309523809523,
      0.9126984126984127,
      0.9226190476190477,
      0.9295634920634921,
      0.9340277777777778,
      0.9275793650793651,
      0.9295634920634921,
      0.9255952380952381,
      0.9330357142857143,
      0.9275793650793651,
      0.9325396825396826,
      0.9290674603174603,
      0.9300595238095238,
      0.9295634920634921,
      0.9315476190476191,
      0.9305555555555556
    ]
  }
}