{
  "1.0": {
    "0.0": {
      "CNN_Heavy": 0.9699404761904762,
      "CNN_Light": 0.96875,
      "Hybrid_QViT": 0.9342261904761905
    },
    "0.1": {
      "CNN_Heavy": 0.9663690476190476,
      "CNN_Light": 0.9672619047619048,
      "Hybrid_QViT": 0.9306547619047619
    },
    "0.2": {
      "CNN_Heavy": 0.9616071428571429,
      "CNN_Light": 0.9586309523809524,
      "Hybrid_QViT": 0.9220238095238096
    },
    "0.3": {
      "CNN_Heavy": 0.9529761904761904,
      "CNN_Light": 0.9470238095238095,
      "Hybrid_QViT": 0.8988095238095238
    }
  },
  "0.1": {
    "0.0": {
      "CNN_Heavy": 0.8107142857142857,
      "CNN_Light": 0.7892857142857143,
      "Hybrid_QViT": 0.3952380952380952
    },
    "0.1": {
      "CNN_Heavy": 0.79375,
      "CNN_Light": 0.750297619047619,
      "Hybrid_QViT": 0.4244047619047619
    },
    "0.2": {
      "CNN_Heavy": 0.762797619047619,
      "CNN_Light": 0.7389880952380953,
      "Hybrid_QViT": 0.3431547619047619
    },
    "0.3": {
      "CNN_Heavy": 0.700595238095238,
      "CNN_Light": 0.7351190476190477,
      "Hybrid_QViT": 0.3357142857142857
    }
  },
  "0.05": {
    "0.0": {
      "CNN_Heavy": 0.643452380952381,
      "CNN_Light": 0.6354166666666666,
      "Hybrid_QViT": 0.2613095238095238
    },
    "0.1": {
      "CNN_Heavy": 0.6452380952380953,
      "CNN_Light": 0.6110119047619048,
      "Hybrid_QViT": 0.2833333333333333
    },
    "0.2": {
      "CNN_Heavy": 0.5922619047619048,
      "CNN_Light": 0.606547619047619,
      "Hybrid_QViT": 0.22916666666666666
    },
    "0.3": {
      "CNN_Heavy": 0.5023809523809524,
      "CNN_Light": 0.5666666666666667,
      "Hybrid_QViT": 0.22708333333333333
    }
  },
  "0.01": {
    "0.0": {
      "CNN_Heavy": 0.2857142857142857,
      "CNN_Light": 0.2720238095238095,
      "Hybrid_QViT": 0.1261904761904762
    },
    "0.1": {
      "CNN_Heavy": 0.27767857142857144,
      "CNN_Light": 0.32529761904761906,
      "Hybrid_QViT": 0.09642857142857143
    },
    "0.2": {
      "CNN_Heavy": 0.3175595238095238,
      "CNN_Light": 0.31101190476190477,
      "Hybrid_QViT": 0.08125
    },
    "0.3": {
      "CNN_Heavy": 0.24017857142857144,
      "CNN_Light": 0.31101190476190477,
      "Hybrid_QViT": 0.12142857142857143
    }
  }
}