{
  "Classical_CNN": 0.6476190476190476,
  "Hybrid_QViT": 0.26458333333333334,
  "history_cnn": {
    "train_acc": [
      0.050788091068301226,
      0.10683012259194395,
      0.2626970227670753,
      0.4290718038528897,
      0.5446584938704028,
      0.7197898423817863,
      0.8108581436077058,
      0.8879159369527145,
      0.9597197898423818,
      0.9737302977232924,
      0.9912434325744308,
      0.9964973730297724,
      0.9982486865148862,
      1.0,
      1.0,
      1.0,
      1.0,
      1.0,
      1.0,
      1.0,
      1.0,
      1.0,
      1.0,
      1.0,
      1.0,
      1.0,
      1.0,
      1.0,
      1.0,
      1.0
    ],
    "val_acc": [
      0.0594059405940594,
      0.09900990099009901,
      0.13861386138613863,
      0.21782178217821782,
      0.2376237623762376,
      0.2871287128712871,
      0.37623762376237624,
      0.43564356435643564,
      0.5247524752475248,
      0.48514851485148514,
      0.5544554455445545,
      0.5841584158415841,
      0.5544554455445545,
      0.5841584158415841,
      0.5643564356435643,
      0.6336633663366337,
      0.5841584158415841,
      0.6039603960396039,
      0.6138613861386139,
      0.6336633663366337,
      0.6336633663366337,
      0.6336633663366337,
      0.594059405940594,
      0.6138613861386139,
      0.6237623762376238,
      0.6633663366336634,
      0.6732673267326733,
      0.6633663366336634,
      0.6732673267326733,
      0.6633663366336634
    ]
  },
  "history_qvit": {
    "train_acc": [
      0.01926444833625219,
      0.06654991243432574,
      0.1138353765323993,
      0.2539404553415061,
      0.44833625218914186,
      0.6287215411558669,
      0.7548161120840631,
      0.8756567425569177,
      0.9387040280210157,
      0.9562171628721541,
      0.9842381786339754,
      0.9947460595446584,
      0.9982486865148862,
      1.0,
      1.0,
      1.0,
      1.0,
      1.0,
      1.0,
      1.0,
      1.0,
      1.0,
      1.0,
      1.0,
      1.0,
      1.0,
      1.0,
      1.0,
      1.0,
      1.0
    ],
    "val_acc": [
      0.039603960396039604,
      0.04950495049504951,
      0.06930693069306931,
      0.0891089108910891,
      0.13861386138613863,
      0.1485148514851485,
      0.15841584158415842,
      0.18811881188118812,
      0.2079207920792079,
      0.1782178217821782,
      0.2079207920792079,
      0.18811881188118812,
      0.1782178217821782,
      0.18811881188118812,
      0.21782178217821782,
      0.19801980198019803,
      0.22772277227722773,
      0.25742574257425743,
      0.2376237623762376,
      0.2376237623762376,
      0.22772277227722773,
      0.22772277227722773,
      0.2079207920792079,
      0.2079207920792079,
      0.22772277227722773,
      0.21782178217821782,
      0.22772277227722773,
      0.21782178217821782,
      0.21782178217821782,
      0.22772277227722773
    ]
  }
}